<?xml version="1.0" encoding="UTF-8"?>
<addon id="repository.MonsterRepo" name="Monster Repo" version="1.1.9" provider-name="DeadPool">
	<extension point="xbmc.addon.repository" name="Monster Repo">
		 <dir minversion="16.0.0" maxversion="20.9.9">
		 <info compressed="false">https://raw.githubusercontent.com/cCloudTVEPG/repo/master/Zips/addons.xml</info>
    <checksum>https://raw.githubusercontent.com/cCloudTVEPG/repo/master/Zips/addons.xml.md5</checksum>
    <datadir zip="true">https://raw.githubusercontent.com/cCloudTVEPG/repo/master/Zips/</datadir>
	</dir>
	</extension>
	<extension point="xbmc.addon.metadata">
		<summary></summary>
		<description>This is Just a simple repo for all Lucid Builds and forks
	</description>
		<platform>all</platform>
	</extension>
</addon>

