<?xml version="1.0" encoding="UTF-8"?>
<addon
  id="script.games.rom.collection.browser.a26"
  version="1.0.9"
  name="Atari 2600 Rom Collection Browser"
  provider-name="Hidden Hacker">
  <requires>
    <import addon="xbmc.python" version="2.1.0"/>
    <import addon="service.rom.collection.browser" version="1.0.0"/>
  </requires>
  <extension point="xbmc.python.script" library="default.py">
    <provides>game</provides>
  </extension>
  <extension point="xbmc.addon.metadata">
  
    <summary lang="en">Import, browse and launch games in XBMC</summary>
    
    <description lang="be">With this Addon you can browse and launch emulator roms and standalone games in XBMC. See the wiki page for more information: http://code.google.com/p/romcollectionbrowser/wiki/Welcome.&#10;&#10;First Use:&#10;  * On first launch RCB will start a simple configuration wizard&#10;  * After the wizard is completed RCB will ask you to import your games&#10;  * If needed you can launch the wizard anytime via context menu&#10;  * Just press "C" on your keyboard or "Menu" on your remote&#10;&#10;Features:&#10;  * scan your rom folders and import games to local database&#10;  * scrape artwork and meta data from various online sources&#10;  * import local available descriptions, artwork and videos&#10;  * filter games by console, genre, year and publisher&#10;  * favorites function&#10;  * automatic video playback in video window&#10;  * fullscreen video browser&#10;  * game details page&#10;  * dedicated MAME views to display cabinets and marquees&#10;  * launch roms and standalone games in solo or non-solo mode&#10;  * detect games in zip and 7z archives and ask user which game to load&#10;  * direct launching of savestate files&#10;  * ...&#10;</description>
    <language></language>
    <platform>all</platform>
    <license>GNU GENERAL PUBLIC LICENSE. Version 2, June 1991</license>
    <forum>http://forum.xbmc.org/showthread.php?tid=70115</forum>
    <website>https://code.google.com/p/romcollectionbrowser/</website>
    <source>https://romcollectionbrowser.googlecode.com/svn/trunk/</source>
  </extension>
</addon>
