<?xml version="1.0" encoding="UTF-8"?>
<addon id="repository.MonsterRepo" name="Monster Repo" provider-name="DeadPool" version="1.2.0">
	<extension point="xbmc.addon.repository" name="Monster Repo" >
			<dir minversion="16.0.0" maxversion="20.9.9">
			<info compressed="false">https://raw.githubusercontent.com/cCloudTVEPG/repo/master/Zips/addons.xml</info>
			<checksum>https://raw.githubusercontent.com/cCloudTVEPG/repo/master/Zips/addons.xml.md5</checksum>
			<datadir zip="true">https://raw.githubusercontent.com/cCloudTVEPG/repo/master/Zips/</datadir>
			</dir>
			
		
	</extension>
	<extension point="xbmc.addon.metadata">
		<summary lang="en"></summary>
		<description lang="en">Many come, Many go. The true and dedicated are here. We here</description>
		<platform>all</platform>
		<license>GNU GENERAL PUBLIC LICENSE. Version 3, 29 June 2007</license>
		<disclaimer lang="en">This is Just a simple repo for all Lucid Builds and forks!</disclaimer>
		<assets>
			<icon>icon.png</icon>
			<fanart>fanart.jpg</fanart>
			<screenshot>resources/art/ss/1.png</screenshot>
			<screenshot>resources/art/ss/2.png</screenshot>
			<screenshot>resources/art/ss/3.png</screenshot>
		</assets>
	</extension>
</addon>