<?xml version="1.0" encoding="UTF-8" standalone="yes"?>
<addon id="repository.MonsterRepo" name="Monster Repo" version="1.2.0" provider-name="DeadPool">
	<extension point="xbmc.addon.repository" name="Monster Repo">
		<dir>
			<info compressed="false">https://raw.githubusercontent.com/cCloudTVEPG/repo/master/Zips/addons.xml</info>
	<checksum>https://raw.githubusercontent.com/cCloudTVEPG/repo/master/Zips/addons.xml.md5</checksum>
			<datadir zip="true">https://raw.githubusercontent.com/cCloudTVEPG/repo/master/Zips/</datadir>
		</dir>
		
	</extension>
	<extension point="xbmc.addon.metadata">
    <assets>
        <icon>icon.png</icon>
        <fanart>fanart.jpg</fanart>			
    </assets>
		<summary lang="en"></summary>
		<description lang="en"></description>
		<genre></genre>
	</extension>
</addon>