<?xml version="1.0" encoding="utf-8" standalone="yes"?>
<emu_autoconfig version="1.0.0">
	<os name="Android">
		<detectionMethods>
			<detectionMethod name="packagename">
				<command>pm list packages</command>
			</detectionMethod>
		</detectionMethods>
				<platform name="Genesis">
			<alias>Sega Genesis</alias>    
			<emulator name="Genesis Plus GX (RetroArch)">
				<detectionMethod name="packagename">
					<packagename>package:com.retroarch</packagename>
				</detectionMethod>
				<configuration>
					<emulatorCommand>/system/bin/am</emulatorCommand>
					<emulatorParams>start --user 0 -a android.intent.action.MAIN -c android.intent.category.LAUNCHER -e ROM "%rom%" -e LIBRETRO /data/data/com.retroarch/cores/genesis_plus_gx_libretro_android.so -e CONFIGFILE /data/data/com.retroarch/retroarch.cfg -e IME com.android.inputmethod.latin/.LatinIME -n com.retroarch/.browser.retroactivity.RetroActivityFuture</emulatorParams>
				</configuration>
			</emulator>
			<emulator name="Picodrive (RetroArch)">
				<detectionMethod name="packagename">
					<packagename>package:com.retroarch</packagename>
				</detectionMethod>
				<configuration>
					<emulatorCommand>/system/bin/am</emulatorCommand>
					<emulatorParams>start --user 0 -a android.intent.action.MAIN -c android.intent.category.LAUNCHER -e ROM "%rom%" -e LIBRETRO /data/data/com.retroarch/cores/picodrive_libretro_android.so -e CONFIGFILE /data/data/com.retroarch/retroarch.cfg -e IME com.android.inputmethod.latin/.LatinIME -n com.retroarch/.browser.retroactivity.RetroActivityFuture</emulatorParams>
				</configuration>
			</emulator>
			<emulator name="Gensoid">
				<detectionMethod name="packagename">
					<packagename>package:com.androidemu.gens</packagename>
				</detectionMethod>
				<configuration>
					<emulatorCommand>/system/bin/am</emulatorCommand>
					<emulatorParams>start --user 0 -n com.androidemu.gens/.EmulatorActivity -a android.intent.action.VIEW -eu Uri "file://%rom%"</emulatorParams>
				</configuration>
			</emulator>        
			<emulator name="MD.emu">
				<detectionMethod name="packagename">
					<packagename>package:com.explusalpha.MdEmu</packagename>
				</detectionMethod>
				<configuration>
					<emulatorCommand>/system/bin/am</emulatorCommand>
					<emulatorParams>start --user 0 -n com.explusalpha.MdEmu/com.imagine.BaseActivity -a android.intent.action.VIEW -eu Uri "file://%rom%"</emulatorParams>
				</configuration>
			</emulator> 
		</platform>
			</os> 
	<os name="Windows">
		<detectionMethods>
			<detectionMethod name="registry"/>
			<detectionMethod name="commonFolders"/>
		</detectionMethods>
		<commonFolders>
			<folder/>
		</commonFolders>
		<platform name="SNES">
		</platform>
	</os>
	<os name="Linux">
		<detectionMethods>      
			<detectionMethod name="commonFolders"/>
			<detectionMethod name="packagename"/>
		</detectionMethods>
		<commonFolders>
			<folder/>
		</commonFolders>
		<platform name="SNES">
		</platform>
	</os>
</emu_autoconfig>