<?xml version="1.0" encoding="UTF-8" standalone="yes"?>
<addon id="plugin.program.LucidWizard" name="[B][COLOR yellowgreen]Lucid[/COLOR] [COLOR limegreen]Wizard[/COLOR][/B]" version="0.5.0" provider-name="Deadpool">
  <requires>
    <import addon="xbmc.python" version="2.1.0"/>
  </requires>
  <extension point="xbmc.python.pluginsource" library="default.py">
    <provides>executable</provides>
  </extension>
  <extension point="xbmc.service" library="startup.py" start="startup" />
  <extension point="xbmc.addon.metadata">
    <summary lang="en">[B][COLOR yellowgreen]Lucid[/COLOR] [COLOR limegreen]Wizard[/COLOR][/B]</summary>
    <description lang="en">Lucid Wizard allows you to get access to the latest Custom Builds.</description>
    <platform>all</platform>
  </extension>
</addon>